NodeId,Time,Hum,Tem,Pm1,Pm2p5,Pm10,CO
DC4F227E68C4,1596211331,66.240,32.590,0.000,33.400,44.730,0.000
DC4F227E68C4,1596211509,66.000,32.689,0.000,37.160,51.200,0.000
DC4F227E68C4,1596211689,65.880,32.740,0.000,35.390,44.460,0.000
DC4F227E68C4,1596211867,66.020,32.720,0.000,34.200,45.760,0.000
DC4F227E68C4,1596212049,66.110,32.710,0.000,35.130,45.930,0.000
DC4F227E68C4,1596212227,66.330,32.680,0.000,37.160,49.960,0.000
DC4F227E68C4,1596212410,66.790,32.549,0.000,35.430,44.530,0.000
DC4F227E68C4,1596212591,66.410,32.670,0.000,37.230,47.260,0.000
DC4F227E68C4,1596212767,66.340,32.689,0.000,34.890,45.390,0.000
DC4F227E68C4,1596212948,66.620,32.610,0.000,35.460,44.630,0.000
DC4F227E68C4,1596213127,66.780,32.549,0.000,34.030,42.030,0.000
DC4F227E68C4,1596213311,67.130,32.470,0.000,35.130,42.430,0.000
DC4F227E68C4,1596213488,67.190,32.450,0.000,36.160,45.500,0.000
DC4F227E68C4,1596213670,67.310,32.409,0.000,35.160,44.700,0.000
DC4F227E68C4,1596213848,67.040,32.490,0.000,37.930,49.960,0.000
DC4F227E68C4,1596214026,66.840,32.549,0.000,36.460,51.260,0.000
DC4F227E68C4,1596214209,66.850,32.580,0.000,37.600,45.500,0.000
DC4F227E68C4,1596214386,66.950,32.590,0.000,36.830,49.500,0.000
DC4F227E68C4,1596214570,66.890,32.610,0.000,35.360,45.590,0.000
DC4F227E68C4,1596214747,67.150,32.570,0.000,35.630,43.860,0.000
DC4F227E68C4,1596214931,67.560,32.470,0.000,35.400,45.330,0.000
DC4F227E68C4,1596215113,68.310,32.310,0.000,36.600,49.330,0.000
DC4F227E68C4,1596215290,68.030,32.390,0.000,37.730,47.600,0.000
DC4F227E68C4,1596215467,68.050,32.409,0.000,37.800,49.790,0.000
DC4F227E68C4,1596215648,68.460,32.320,0.000,40.030,50.560,0.000
DC4F227E68C4,1596215828,68.430,32.340,0.000,41.690,52.790,0.000
DC4F227E68C4,1596216009,68.210,32.390,0.000,41.060,52.790,0.000
DC4F227E68C4,1596216192,68.500,32.330,0.000,41.530,51.200,0.000
DC4F227E68C4,1596216367,68.210,32.400,0.000,41.060,50.960,0.000
DC4F227E68C4,1596216550,68.210,32.409,0.000,41.960,54.830,0.000
DC4F227E68C4,1596216727,69.040,32.170,0.000,42.430,55.290,0.000
DC4F227E68C4,1596216907,68.920,32.210,0.000,41.390,53.290,0.000
DC4F227E68C4,1596217088,69.530,32.070,0.000,41.790,57.530,0.000
DC4F227E68C4,1596217269,68.910,32.259,0.000,42.330,53.760,0.000
DC4F227E68C4,1596217447,68.840,32.270,0.000,42.290,54.330,0.000
DC4F227E68C4,1596217629,69.130,32.170,0.000,40.860,54.130,0.000
DC4F227E68C4,1596217809,68.960,32.210,0.000,41.430,52.930,0.000
DC4F227E68C4,1596217987,68.640,32.290,0.000,42.060,54.900,0.000
DC4F227E68C4,1596218170,68.390,32.310,0.000,40.900,51.890,0.000
DC4F227E68C4,1596218346,68.540,32.210,0.000,40.500,53.290,0.000
DC4F227E68C4,1596218530,68.530,32.220,0.000,40.660,54.460,0.000
DC4F227E68C4,1596218708,68.490,32.240,0.000,43.290,54.730,0.000
DC4F227E68C4,1596218890,68.570,32.290,0.000,42.460,54.660,0.000
DC4F227E68C4,1596219070,68.630,32.290,0.000,41.860,54.660,0.000
DC4F227E68C4,1596219251,68.810,32.240,0.000,41.230,53.760,0.000
DC4F227E68C4,1596219431,69.050,32.210,0.000,42.730,54.830,0.000
DC4F227E68C4,1596219609,68.990,32.250,0.000,43.100,57.290,0.000
DC4F227E68C4,1596219787,68.880,32.290,0.000,40.330,52.100,0.000
DC4F227E68C4,1596219969,69.550,32.040,0.000,42.630,54.430,0.000
DC4F227E68C4,1596220150,69.180,32.200,0.000,46.600,60.830,0.000
DC4F227E68C4,1596220331,69.390,32.150,0.000,43.960,57.200,0.000
DC4F227E68C4,1596220509,69.720,32.100,0.000,45.790,61.460,0.000
DC4F227E68C4,1596220687,69.780,32.140,0.000,47.230,65.129,0.000
DC4F227E68C4,1596220871,69.560,32.210,0.000,47.930,62.160,0.000
DC4F227E68C4,1596221051,69.480,32.250,0.000,49.290,67.630,0.000
DC4F227E68C4,1596221229,69.440,32.270,0.000,49.430,63.660,0.000
DC4F227E68C4,1596221410,69.590,32.240,0.000,48.760,67.530,0.000
DC4F227E68C4,1596221587,70.180,32.090,0.000,50.530,68.930,0.000
DC4F227E68C4,1596221767,69.970,32.150,0.000,48.430,64.959,0.000
DC4F227E68C4,1596221951,69.930,32.180,0.000,52.890,71.300,0.000
DC4F227E68C4,1596222127,69.870,32.220,0.000,52.500,77.960,0.000
DC4F227E68C4,1596222309,69.880,32.240,0.000,53.500,75.000,0.000
DC4F227E68C4,1596222487,70.770,32.049,0.000,53.960,74.360,0.000
DC4F227E68C4,1596222670,70.740,32.080,0.000,58.230,82.230,0.000
DC4F227E68C4,1596222847,70.990,32.009,0.000,53.060,70.930,0.000
DC4F227E68C4,1596223031,71.260,31.980,0.000,58.100,78.200,0.000
DC4F227E68C4,1596223209,71.110,31.970,0.000,51.560,69.530,0.000
DC4F227E68C4,1596223388,71.310,31.870,0.000,51.500,66.930,0.000
DC4F227E68C4,1596223567,71.830,31.720,0.000,50.290,69.160,0.000
DC4F227E68C4,1596223749,71.150,31.880,0.000,47.730,62.660,0.000
DC4F227E68C4,1596223930,71.250,31.850,0.000,47.630,63.260,0.000
DC4F227E68C4,1596224108,71.130,31.880,0.000,47.030,63.700,0.000
DC4F227E68C4,1596224289,70.920,31.960,0.000,47.230,64.760,0.000
DC4F227E68C4,1596224469,71.090,31.910,0.000,46.830,62.630,0.000
DC4F227E68C4,1596224646,70.980,31.920,0.000,45.630,62.460,0.000
DC4F227E68C4,1596224830,71.220,31.880,0.000,46.430,66.630,0.000
DC4F227E68C4,1596225008,71.080,31.910,0.000,46.100,66.200,0.000
DC4F227E68C4,1596225186,71.290,31.820,0.000,44.200,63.700,0.000
DC4F227E68C4,1596225370,70.990,31.850,0.000,45.430,66.930,0.000
DC4F227E68C4,1596225550,70.880,31.860,0.000,44.000,65.000,0.000
DC4F227E68C4,1596225729,70.710,31.870,0.000,41.230,58.890,0.000
DC4F227E68C4,1596225911,70.710,31.900,0.000,43.790,63.390,0.000
DC4F227E68C4,1596226090,70.860,31.850,0.000,41.260,60.660,0.000
DC4F227E68C4,1596226271,70.720,31.870,0.000,41.760,61.660,0.000
DC4F227E68C4,1596226448,70.690,31.850,0.000,40.430,60.630,0.000
DC4F227E68C4,1596226626,70.000,31.910,0.000,38.790,56.500,0.000
DC4F227E68C4,1596226807,70.040,31.960,0.000,37.530,57.160,0.000
DC4F227E68C4,1596226988,70.080,31.950,0.000,36.600,53.530,0.000
DC4F227E68C4,1596227169,70.170,31.930,0.000,36.790,53.560,0.000
DC4F227E68C4,1596227350,69.710,31.920,0.000,33.060,48.130,0.000
DC4F227E68C4,1596227530,69.500,31.970,0.000,34.200,47.730,0.000
DC4F227E68C4,1596227707,69.480,31.890,0.000,31.030,43.460,0.000
DC4F227E68C4,1596227892,69.330,31.870,0.000,29.360,41.290,0.000
DC4F227E68C4,1596228072,68.600,31.690,0.000,25.500,36.600,0.000
DC4F227E68C4,1596228249,67.470,31.860,0.000,21.060,27.690,0.000
DC4F227E68C4,1596228431,67.780,31.820,0.000,21.100,28.300,0.000
DC4F227E68C4,1596228608,67.620,31.800,0.000,20.660,29.600,0.000
DC4F227E68C4,1596228791,67.340,31.850,0.000,20.330,27.760,0.000
DC4F227E68C4,1596228971,66.490,31.940,0.000,19.100,27.000,0.000
DC4F227E68C4,1596229150,66.030,31.880,0.000,15.360,21.700,0.000
DC4F227E68C4,1596229328,65.990,31.870,0.000,15.330,22.700,0.000
DC4F227E68C4,1596229510,65.870,31.740,0.000,14.330,23.230,0.000
DC4F227E68C4,1596229690,65.640,31.800,0.000,13.960,20.100,0.000
DC4F227E68C4,1596229871,65.780,31.700,0.000,14.000,19.230,0.000
DC4F227E68C4,1596230048,65.459,31.730,0.000,12.260,18.160,0.000
DC4F227E68C4,1596230226,65.220,31.820,0.000,12.530,17.490,0.000
DC4F227E68C4,1596230411,65.129,31.830,0.000,12.190,16.059,0.000
DC4F227E68C4,1596230588,64.840,31.860,0.000,12.230,16.100,0.000
DC4F227E68C4,1596230769,64.640,31.870,0.000,11.560,15.660,0.000
DC4F227E68C4,1596230934,64.430,31.850,0.000,11.260,15.160,0.000
DC4F227E68C4,1596231114,64.200,31.780,0.000,10.500,13.260,0.000
DC4F227E68C4,1596231293,63.870,31.700,0.000,9.300,13.060,0.000
DC4F227E68C4,1596231473,63.600,31.770,0.000,9.000,13.300,0.000
DC4F227E68C4,1596231650,63.700,31.710,0.000,8.300,13.900,0.000
DC4F227E68C4,1596231834,63.610,31.710,0.000,8.800,13.160,0.000
DC4F227E68C4,1596232012,63.630,31.720,0.000,8.560,11.860,0.000
DC4F227E68C4,1596232193,63.470,31.780,0.000,8.800,13.660,0.000
DC4F227E68C4,1596232373,63.290,31.820,0.000,8.490,14.130,0.000
DC4F227E68C4,1596232552,63.310,31.840,0.000,7.800,11.530,0.000
DC4F227E68C4,1596232733,62.950,31.780,0.000,8.160,13.160,0.000
DC4F227E68C4,1596232911,62.400,31.840,0.000,7.000,9.330,0.000
DC4F227E68C4,1596233089,62.360,31.820,0.000,6.500,8.830,0.000
DC4F227E68C4,1596233272,62.300,31.860,0.000,6.930,11.100,0.000
DC4F227E68C4,1596233449,62.850,31.680,0.000,6.900,9.930,0.000
DC4F227E68C4,1596233632,62.820,31.740,0.000,7.290,12.330,0.000
DC4F227E68C4,1596233810,63.130,31.720,0.000,7.460,10.560,0.000
DC4F227E68C4,1596233990,63.240,31.650,0.000,7.430,9.800,0.000
DC4F227E68C4,1596234174,63.450,31.640,0.000,6.830,10.630,0.000
DC4F227E68C4,1596234354,62.800,31.820,0.000,7.130,9.430,0.000
DC4F227E68C4,1596234533,63.000,31.740,0.000,6.860,9.190,0.000
DC4F227E68C4,1596234713,62.720,31.810,0.000,6.930,9.190,0.000
DC4F227E68C4,1596234890,62.610,31.810,0.000,6.900,11.060,0.000
DC4F227E68C4,1596235071,62.510,31.850,0.000,6.730,8.830,0.000
DC4F227E68C4,1596235252,62.510,31.820,0.000,6.900,11.060,0.000
DC4F227E68C4,1596235431,62.300,31.860,0.000,6.590,10.160,0.000
DC4F227E68C4,1596235611,62.310,31.850,0.000,7.060,10.500,0.000
DC4F227E68C4,1596235790,62.240,31.910,0.000,7.260,11.830,0.000
DC4F227E68C4,1596235973,62.200,31.920,0.000,6.730,10.930,0.000
DC4F227E68C4,1596236154,62.610,31.780,0.000,6.460,9.160,0.000
DC4F227E68C4,1596236330,62.530,31.850,0.000,7.090,9.660,0.000
DC4F227E68C4,1596236514,62.350,31.920,0.000,6.860,10.160,0.000
DC4F227E68C4,1596236693,62.270,31.970,0.000,7.460,10.560,0.000
DC4F227E68C4,1596236870,62.210,31.950,0.000,7.190,10.030,0.000
DC4F227E68C4,1596237053,62.660,31.760,0.000,7.330,10.900,0.000
DC4F227E68C4,1596237230,62.470,31.870,0.000,7.760,12.690,0.000
DC4F227E68C4,1596237414,62.460,31.890,0.000,7.500,13.590,0.000
DC4F227E68C4,1596237591,62.770,31.770,0.000,6.960,10.160,0.000
DC4F227E68C4,1596237771,62.970,31.730,0.000,7.360,11.300,0.000
DC4F227E68C4,1596237952,62.450,31.870,0.000,7.400,10.730,0.000
DC4F227E68C4,1596238131,62.210,31.920,0.000,6.800,9.060,0.000
DC4F227E68C4,1596238311,62.350,31.920,0.000,7.000,11.630,0.000
DC4F227E68C4,1596238493,62.690,31.840,0.000,6.830,10.630,0.000
DC4F227E68C4,1596238674,62.790,31.770,0.000,6.730,9.860,0.000
DC4F227E68C4,1596238852,62.770,31.800,0.000,7.200,11.360,0.000
DC4F227E68C4,1596239029,62.750,31.840,0.000,7.530,12.400,0.000
DC4F227E68C4,1596239211,62.580,31.870,0.000,7.000,10.890,0.000
DC4F227E68C4,1596239392,62.040,31.990,0.000,7.230,11.500,0.000
DC4F227E68C4,1596239572,61.690,32.020,0.000,6.730,10.800,0.000
DC4F227E68C4,1596239750,61.640,32.080,0.000,7.160,14.800,0.000
DC4F227E68C4,1596239933,61.380,32.000,0.000,5.660,9.730,0.000
DC4F227E68C4,1596240112,61.400,32.020,0.000,6.360,11.530,0.000
DC4F227E68C4,1596240290,60.880,32.070,0.000,5.560,9.590,0.000
DC4F227E68C4,1596240453,60.710,32.090,0.000,5.750,7.940,0.000
DC4F227E68C4,1596240635,60.790,32.070,0.000,5.590,8.400,0.000
DC4F227E68C4,1596240814,60.720,32.140,0.000,6.330,11.800,0.000
DC4F227E68C4,1596240997,60.670,32.170,0.000,5.830,9.560,0.000
DC4F227E68C4,1596241175,61.100,32.100,0.000,6.330,11.230,0.000
DC4F227E68C4,1596241357,61.280,32.100,0.000,7.060,11.090,0.000
DC4F227E68C4,1596241537,61.530,32.060,0.000,7.130,11.230,0.000
DC4F227E68C4,1596241713,61.730,32.070,0.000,7.460,11.300,0.000
DC4F227E68C4,1596241893,61.490,32.210,0.000,7.160,12.690,0.000
DC4F227E68C4,1596242074,61.470,32.259,0.000,7.330,14.660,0.000
DC4F227E68C4,1596242254,61.460,32.299,0.000,7.760,12.630,0.000
DC4F227E68C4,1596242436,61.500,32.270,0.000,7.930,13.690,0.000
DC4F227E68C4,1596242616,61.510,32.270,0.000,6.930,13.430,0.000
DC4F227E68C4,1596242792,61.720,32.220,0.000,7.760,12.400,0.000
DC4F227E68C4,1596242972,61.910,32.180,0.000,7.130,12.090,0.000
DC4F227E68C4,1596243154,61.750,32.200,0.000,7.300,11.900,0.000
DC4F227E68C4,1596243335,61.470,32.280,0.000,7.460,15.590,0.000
DC4F227E68C4,1596243520,61.170,32.400,0.000,7.590,11.860,0.000
DC4F227E68C4,1596243695,60.720,32.460,0.000,7.060,11.260,0.000
DC4F227E68C4,1596243873,60.480,32.490,0.000,6.890,13.000,0.000
DC4F227E68C4,1596244055,60.440,32.500,0.000,7.000,11.530,0.000
DC4F227E68C4,1596244236,60.110,32.630,0.000,6.530,12.030,0.000
DC4F227E68C4,1596244415,60.000,32.610,0.000,6.760,13.800,0.000
DC4F227E68C4,1596244596,59.950,32.470,0.000,6.260,9.600,0.000
DC4F227E68C4,1596244773,59.720,32.600,0.000,6.260,10.800,0.000
DC4F227E68C4,1596244954,59.240,32.640,0.000,5.930,9.530,0.000
DC4F227E68C4,1596245135,59.100,32.759,0.000,6.130,11.690,0.000
DC4F227E68C4,1596245313,58.460,32.790,0.000,5.690,10.000,0.000
DC4F227E68C4,1596245495,58.420,32.910,0.000,5.500,9.560,0.000
DC4F227E68C4,1596245673,58.520,32.900,0.000,5.330,9.590,0.000
DC4F227E68C4,1596245854,58.550,32.810,0.000,5.630,10.060,0.000
DC4F227E68C4,1596246037,58.230,32.910,0.000,5.500,7.630,0.000
DC4F227E68C4,1596246213,58.580,32.880,0.000,5.660,9.930,0.000
DC4F227E68C4,1596246396,58.730,32.890,0.000,6.030,18.130,0.000
DC4F227E68C4,1596246575,58.580,32.930,0.000,5.730,11.400,0.000
DC4F227E68C4,1596246753,58.040,33.070,0.000,5.860,11.160,0.000
DC4F227E68C4,1596246935,57.760,33.170,0.000,5.700,9.930,0.000
DC4F227E68C4,1596247117,57.730,33.140,0.000,6.560,15.560,0.000
DC4F227E68C4,1596247295,57.500,33.250,0.000,5.800,10.500,0.000
DC4F227E68C4,1596247432,57.320,33.300,0.000,5.440,10.390,0.000
DC4F227E68C4,1596247611,57.100,33.350,0.000,5.730,8.930,0.000
DC4F227E68C4,1596247796,56.920,33.420,0.000,5.360,9.500,0.000
DC4F227E68C4,1596247989,56.710,33.470,0.000,6.330,11.230,0.000
DC4F227E68C4,1596248171,56.660,33.470,0.000,6.330,11.360,0.000
DC4F227E68C4,1596248349,56.780,33.430,0.000,5.760,9.400,0.000
DC4F227E68C4,1596248527,57.130,33.250,0.000,5.900,12.300,0.000
DC4F227E68C4,1596248708,57.750,33.040,0.000,6.660,11.230,0.000
DC4F227E68C4,1596248892,57.690,32.970,0.000,6.560,13.260,0.000
DC4F227E68C4,1596249069,57.190,33.140,0.000,5.900,10.860,0.000
DC4F227E68C4,1596249249,57.470,33.040,0.000,5.900,13.130,0.000
DC4F227E68C4,1596249427,57.170,33.130,0.000,5.590,10.060,0.000
DC4F227E68C4,1596249611,57.460,33.030,0.000,6.200,10.130,0.000
DC4F227E68C4,1596249787,57.380,33.060,0.000,5.900,10.860,0.000
DC4F227E68C4,1596249970,57.110,33.000,0.000,5.000,8.690,0.000
DC4F227E68C4,1596250149,57.150,33.070,0.000,5.230,9.430,0.000
DC4F227E68C4,1596250329,57.520,33.040,0.000,6.030,11.460,0.000
DC4F227E68C4,1596250508,57.690,33.040,0.000,6.560,17.560,0.000
DC4F227E68C4,1596250687,57.490,33.040,0.000,6.160,11.160,0.000
DC4F227E68C4,1596250870,57.190,33.130,0.000,6.700,13.760,0.000
DC4F227E68C4,1596251047,57.260,33.180,0.000,6.800,12.890,0.000
DC4F227E68C4,1596251227,57.140,33.220,0.000,6.260,11.400,0.000
DC4F227E68C4,1596251410,57.060,33.250,0.000,6.960,12.530,0.000
DC4F227E68C4,1596251590,57.060,33.280,0.000,7.100,12.460,0.000
DC4F227E68C4,1596251769,57.240,33.290,0.000,6.830,11.590,0.000
DC4F227E68C4,1596251950,57.670,33.140,0.000,6.900,12.730,0.000
DC4F227E68C4,1596252128,57.390,33.220,0.000,6.900,12.830,0.000
DC4F227E68C4,1596252310,57.330,33.260,0.000,7.090,13.560,0.000
DC4F227E68C4,1596252488,57.270,33.270,0.000,7.000,13.100,0.000
DC4F227E68C4,1596252669,57.160,33.330,0.000,6.830,14.530,0.000
DC4F227E68C4,1596252850,57.250,33.310,0.000,7.530,12.330,0.000
DC4F227E68C4,1596253030,57.190,33.390,0.000,7.330,13.730,0.000
DC4F227E68C4,1596253210,57.240,33.410,0.000,7.900,13.500,0.000
DC4F227E68C4,1596253390,57.250,33.430,0.000,7.660,13.630,0.000
DC4F227E68C4,1596253576,57.270,33.470,0.000,8.000,15.390,0.000
DC4F227E68C4,1596253747,57.340,33.510,0.000,7.860,15.500,0.000
DC4F227E68C4,1596253929,57.250,33.590,0.000,8.760,16.730,0.000
DC4F227E68C4,1596254110,57.040,33.610,0.000,8.260,16.100,0.000
DC4F227E68C4,1596254294,57.140,33.570,0.000,8.090,13.660,0.000
DC4F227E68C4,1596254470,57.220,33.590,0.000,7.530,12.690,0.000
DC4F227E68C4,1596254651,56.730,33.690,0.000,7.860,18.660,0.000
DC4F227E68C4,1596254831,56.470,33.700,0.000,7.760,12.500,0.000
DC4F227E68C4,1596255011,56.620,33.630,0.000,7.190,11.830,0.000
DC4F227E68C4,1596255187,57.030,33.560,0.000,7.230,12.300,0.000
DC4F227E68C4,1596255369,57.050,33.610,0.000,7.530,16.059,0.000
DC4F227E68C4,1596255549,57.180,33.770,0.000,7.560,16.000,0.000
DC4F227E68C4,1596255728,59.480,33.640,0.000,7.900,14.130,0.000
DC4F227E68C4,1596255909,63.210,33.500,0.000,8.930,17.000,0.000
DC4F227E68C4,1596256089,63.110,33.450,0.000,8.560,14.690,0.000
DC4F227E68C4,1596256270,63.610,33.330,0.000,8.360,12.760,0.000
DC4F227E68C4,1596256450,64.650,32.890,0.000,8.890,15.000,0.000
DC4F227E68C4,1596256630,63.950,32.940,0.000,8.060,13.000,0.000
DC4F227E68C4,1596256811,64.739,32.729,0.000,8.160,15.360,0.000
DC4F227E68C4,1596256992,66.000,32.380,0.000,9.000,15.790,0.000
DC4F227E68C4,1596257167,66.020,32.380,0.000,8.460,14.230,0.000
DC4F227E68C4,1596257346,65.730,32.479,0.000,8.690,13.690,0.000
DC4F227E68C4,1596257530,65.540,32.439,0.000,7.930,11.500,0.000
DC4F227E68C4,1596257706,65.660,32.450,0.000,8.530,14.060,0.000
DC4F227E68C4,1596257890,65.379,32.530,0.000,8.160,12.800,0.000
DC4F227E68C4,1596258069,64.910,32.680,0.000,8.230,12.090,0.000
DC4F227E68C4,1596258248,64.739,32.710,0.000,8.300,11.660,0.000
DC4F227E68C4,1596258430,63.690,32.820,0.000,7.430,12.860,0.000
DC4F227E68C4,1596258608,61.970,32.950,0.000,6.030,8.730,0.000
DC4F227E68C4,1596258799,60.630,33.080,0.000,5.360,8.800,0.000
DC4F227E68C4,1596258967,60.780,33.180,0.000,5.090,8.130,0.000
DC4F227E68C4,1596259148,59.820,33.340,0.000,4.800,7.860,0.000
DC4F227E68C4,1596259327,58.940,33.410,0.000,4.230,6.590,0.000
DC4F227E68C4,1596259512,58.640,33.510,0.000,4.290,7.830,0.000
DC4F227E68C4,1596259691,58.420,33.690,0.000,3.960,7.000,0.000
DC4F227E68C4,1596259871,58.540,33.740,0.000,4.090,6.030,0.000
DC4F227E68C4,1596260050,58.430,33.920,0.000,4.900,9.130,0.000
DC4F227E68C4,1596260231,57.660,34.060,0.000,4.660,11.330,0.000
DC4F227E68C4,1596260408,57.140,34.170,0.000,4.730,8.690,0.000
DC4F227E68C4,1596260593,56.330,34.100,0.000,5.000,11.160,0.000
DC4F227E68C4,1596260768,56.110,34.120,0.000,4.059,8.590,0.000
DC4F227E68C4,1596260951,55.950,34.340,0.000,3.560,5.860,0.000
DC4F227E68C4,1596261133,55.260,34.440,0.000,3.760,7.430,0.000
DC4F227E68C4,1596261309,55.160,34.490,0.000,3.330,5.090,0.000
DC4F227E68C4,1596261489,54.330,34.610,0.000,2.960,6.460,0.000
DC4F227E68C4,1596261673,54.090,34.510,0.000,3.000,6.130,0.000
DC4F227E68C4,1596261851,53.930,34.540,0.000,2.590,4.400,0.000
DC4F227E68C4,1596262033,53.750,34.610,0.000,2.690,3.500,0.000
DC4F227E68C4,1596262211,53.590,34.650,0.000,3.060,4.560,0.000
DC4F227E68C4,1596262394,53.410,34.810,0.000,2.660,4.260,0.000
DC4F227E68C4,1596262573,53.240,34.830,0.000,2.930,5.230,0.000
DC4F227E68C4,1596262747,53.440,34.790,0.000,3.030,4.830,0.000
DC4F227E68C4,1596262931,53.850,34.740,0.000,2.930,6.160,0.000
DC4F227E68C4,1596263109,53.290,34.880,0.000,2.790,5.560,0.000
DC4F227E68C4,1596263287,53.180,34.920,0.000,2.700,5.590,0.000
DC4F227E68C4,1596263470,53.550,34.770,0.000,2.900,4.330,0.000
DC4F227E68C4,1596263649,53.290,34.870,0.000,2.830,5.090,0.000
DC4F227E68C4,1596263832,53.420,35.040,0.000,3.100,6.300,0.000
DC4F227E68C4,1596264009,53.280,35.250,0.000,3.400,7.930,0.000
DC4F227E68C4,1596264190,52.700,35.330,0.000,3.060,6.160,0.000
DC4F227E68C4,1596264367,52.150,35.390,0.000,2.900,5.090,0.000
DC4F227E68C4,1596264548,52.080,35.260,0.000,3.030,6.290,0.000
DC4F227E68C4,1596264731,51.960,35.420,0.000,2.860,5.700,0.000
DC4F227E68C4,1596264911,52.130,35.470,0.000,3.060,5.030,0.000
DC4F227E68C4,1596265090,52.220,35.380,0.000,2.890,5.500,0.000
DC4F227E68C4,1596265271,52.130,35.340,0.000,2.630,4.790,0.000
DC4F227E68C4,1596265448,52.440,35.280,0.000,2.560,4.490,0.000
DC4F227E68C4,1596265630,52.330,35.450,0.000,3.360,6.630,0.000
DC4F227E68C4,1596265808,52.180,35.470,0.000,2.760,5.460,0.000
DC4F227E68C4,1596265988,52.100,35.530,0.000,2.960,5.860,0.000
DC4F227E68C4,1596266168,52.310,35.470,0.000,2.630,4.430,0.000
DC4F227E68C4,1596266348,52.790,35.430,0.000,2.560,4.290,0.000
DC4F227E68C4,1596266529,53.450,35.300,0.000,2.500,7.330,0.000
DC4F227E68C4,1596266711,54.690,34.970,0.000,2.630,4.660,0.000
DC4F227E68C4,1596266893,55.270,34.780,0.000,2.790,5.090,0.000
DC4F227E68C4,1596267067,54.840,34.920,0.000,2.600,6.200,0.000
DC4F227E68C4,1596267253,55.130,34.960,0.000,2.860,6.460,0.000
DC4F227E68C4,1596267430,54.870,34.970,0.000,3.030,6.030,0.000
DC4F227E68C4,1596267609,54.760,34.790,0.000,2.660,5.090,0.000
DC4F227E68C4,1596267788,54.740,34.800,0.000,2.760,4.960,0.000
DC4F227E68C4,1596267970,54.640,34.870,0.000,2.830,5.660,0.000
DC4F227E68C4,1596268150,54.980,34.820,0.000,2.790,5.160,0.000
DC4F227E68C4,1596268327,54.790,34.910,0.000,2.630,5.830,0.000
DC4F227E68C4,1596268512,56.170,34.900,0.000,2.760,5.090,0.000
DC4F227E68C4,1596268688,57.950,34.820,0.000,3.000,6.860,0.000
DC4F227E68C4,1596268868,60.070,34.630,0.000,4.230,9.960,0.000
DC4F227E68C4,1596269048,60.020,34.250,0.000,4.300,7.830,0.000
DC4F227E68C4,1596269231,60.330,34.160,0.000,3.660,6.400,0.000
DC4F227E68C4,1596269410,60.260,34.130,0.000,4.630,9.060,0.000
DC4F227E68C4,1596269590,61.040,34.060,0.000,4.430,8.560,0.000
DC4F227E68C4,1596269772,62.010,33.920,0.000,4.660,8.260,0.000
DC4F227E68C4,1596269949,62.410,33.850,0.000,4.530,10.390,0.000
DC4F227E68C4,1596270131,63.420,33.510,0.000,4.260,9.830,0.000
DC4F227E68C4,1596270310,64.040,33.450,0.000,3.900,7.130,0.000
DC4F227E68C4,1596270491,64.150,33.400,0.000,3.860,11.160,0.000
DC4F227E68C4,1596270670,64.239,33.470,0.000,4.130,9.600,0.000
DC4F227E68C4,1596270847,64.319,33.420,0.000,3.790,7.660,0.000
DC4F227E68C4,1596271027,64.560,33.320,0.000,3.960,10.330,0.000
DC4F227E68C4,1596271221,65.200,33.110,0.000,4.090,10.430,0.000
DC4F227E68C4,1596271390,65.400,32.950,0.000,4.230,9.500,0.000
DC4F227E68C4,1596271567,65.489,32.900,0.000,4.430,11.030,0.000
DC4F227E68C4,1596271746,65.690,32.920,0.000,4.960,9.130,0.000
DC4F227E68C4,1596271930,66.000,32.830,0.000,5.160,10.160,0.000
DC4F227E68C4,1596272112,68.090,32.229,0.000,6.160,12.230,0.000
DC4F227E68C4,1596272291,67.930,32.310,0.000,6.360,11.230,0.000
DC4F227E68C4,1596272472,67.610,32.409,0.000,5.830,11.160,0.000
DC4F227E68C4,1596272651,67.820,32.420,0.000,6.200,11.930,0.000
DC4F227E68C4,1596272831,67.750,32.400,0.000,6.160,13.660,0.000
DC4F227E68C4,1596273007,67.300,32.479,0.000,5.900,9.760,0.000
DC4F227E68C4,1596273190,67.650,32.390,0.000,6.290,13.800,0.000
DC4F227E68C4,1596273367,68.010,32.270,0.000,6.090,11.130,0.000
DC4F227E68C4,1596273554,67.890,32.299,0.000,6.360,13.530,0.000
DC4F227E68C4,1596273727,67.360,32.420,0.000,6.190,11.390,0.000
DC4F227E68C4,1596273907,67.020,32.430,0.000,5.330,12.000,0.000
DC4F227E68C4,1596274087,66.630,32.540,0.000,5.130,10.000,0.000
DC4F227E68C4,1596274272,66.280,32.610,0.000,5.400,9.630,0.000
DC4F227E68C4,1596274450,66.650,32.570,0.000,5.560,13.360,0.000
DC4F227E68C4,1596274634,66.730,32.360,0.000,4.660,8.930,0.000
DC4F227E68C4,1596274811,67.820,32.330,0.000,4.830,8.590,0.000
DC4F227E68C4,1596274991,67.720,32.390,0.000,4.660,8.500,0.000
DC4F227E68C4,1596275168,67.850,32.430,0.000,4.630,7.960,0.000
DC4F227E68C4,1596275351,68.790,32.360,0.000,4.960,8.800,0.000
DC4F227E68C4,1596275527,69.660,32.200,0.000,4.660,8.100,0.000
DC4F227E68C4,1596275708,70.860,31.990,0.000,5.230,8.960,0.000
DC4F227E68C4,1596275892,71.290,31.950,0.000,5.590,9.530,0.000
DC4F227E68C4,1596276076,71.580,31.920,0.000,5.660,9.000,0.000
DC4F227E68C4,1596276250,71.970,31.890,0.000,5.930,7.800,0.000
DC4F227E68C4,1596276427,72.730,31.750,0.000,6.900,11.190,0.000
DC4F227E68C4,1596276611,73.500,31.640,0.000,6.730,11.230,0.000
DC4F227E68C4,1596276790,73.860,31.560,0.000,7.130,13.630,0.000
DC4F227E68C4,1596276971,72.860,31.520,0.000,7.260,11.900,0.000
DC4F227E68C4,1596277153,73.320,31.320,0.000,6.560,10.430,0.000
DC4F227E68C4,1596277328,72.810,31.200,0.000,6.060,10.000,0.000
DC4F227E68C4,1596277508,72.680,31.190,0.000,6.230,9.590,0.000
DC4F227E68C4,1596277688,72.460,31.230,0.000,6.030,8.900,0.000
DC4F227E68C4,1596277871,72.160,31.070,0.000,5.660,8.530,0.000
DC4F227E68C4,1596278051,71.930,31.110,0.000,5.460,8.660,0.000
DC4F227E68C4,1596278232,71.340,31.150,0.000,5.530,7.930,0.000
DC4F227E68C4,1596278408,70.880,31.210,0.000,5.260,9.930,0.000
DC4F227E68C4,1596278593,70.820,31.230,0.000,5.500,7.830,0.000
DC4F227E68C4,1596278770,70.580,31.270,0.000,5.960,9.330,0.000
DC4F227E68C4,1596278951,70.760,31.300,0.000,6.360,9.760,0.000
DC4F227E68C4,1596279131,71.140,31.320,0.000,6.160,11.090,0.000
DC4F227E68C4,1596279312,70.540,31.310,0.000,6.160,11.400,0.000
DC4F227E68C4,1596279489,70.360,31.320,0.000,5.730,9.260,0.000
DC4F227E68C4,1596279670,70.540,31.300,0.000,5.830,8.430,0.000
DC4F227E68C4,1596279852,70.310,31.350,0.000,5.560,9.430,0.000
DC4F227E68C4,1596280028,70.920,31.390,0.000,6.360,9.430,0.000
DC4F227E68C4,1596280207,71.880,31.400,0.000,6.230,10.760,0.000
DC4F227E68C4,1596280391,71.900,31.410,0.000,6.060,8.900,0.000
DC4F227E68C4,1596280569,71.680,31.390,0.000,6.290,9.430,0.000
DC4F227E68C4,1596280748,70.530,31.400,0.000,6.190,9.760,0.000
DC4F227E68C4,1596280928,69.930,31.420,0.000,6.600,11.130,0.000
DC4F227E68C4,1596281111,69.920,31.410,0.000,6.260,11.030,0.000
DC4F227E68C4,1596281291,70.010,31.390,0.000,6.460,11.260,0.000
DC4F227E68C4,1596281468,70.000,31.410,0.000,6.400,11.530,0.000
DC4F227E68C4,1596281653,69.960,31.400,0.000,6.130,9.930,0.000
DC4F227E68C4,1596281839,70.330,31.390,0.000,6.500,10.160,0.000
DC4F227E68C4,1596282009,70.130,31.410,0.000,6.830,10.460,0.000
DC4F227E68C4,1596282194,70.230,31.370,0.000,7.090,11.260,0.000
DC4F227E68C4,1596282369,70.630,31.310,0.000,7.400,11.560,0.000
DC4F227E68C4,1596282547,70.520,31.340,0.000,7.160,12.000,0.000
DC4F227E68C4,1596282727,70.620,31.300,0.000,7.330,11.260,0.000
DC4F227E68C4,1596282908,70.200,31.380,0.000,7.760,11.390,0.000
DC4F227E68C4,1596283090,69.990,31.380,0.000,7.460,12.960,0.000
DC4F227E68C4,1596283268,70.140,31.370,0.000,7.590,12.000,0.000
DC4F227E68C4,1596283450,70.270,31.420,0.000,7.860,12.760,0.000
DC4F227E68C4,1596283627,70.280,31.470,0.000,7.800,12.360,0.000
DC4F227E68C4,1596283810,70.240,31.490,0.000,8.230,12.560,0.000
DC4F227E68C4,1596283992,70.790,31.460,0.000,7.860,13.690,0.000
DC4F227E68C4,1596284170,70.420,31.520,0.000,8.330,13.230,0.000
DC4F227E68C4,1596284346,70.620,31.520,0.000,8.430,12.960,0.000
DC4F227E68C4,1596284532,70.920,31.510,0.000,7.630,11.400,0.000
DC4F227E68C4,1596284707,70.970,31.580,0.000,8.530,13.400,0.000
DC4F227E68C4,1596284888,71.250,31.550,0.000,8.560,13.430,0.000
DC4F227E68C4,1596285074,71.200,31.560,0.000,8.189,14.130,0.000
DC4F227E68C4,1596285252,70.970,31.630,0.000,8.660,15.400,0.000
DC4F227E68C4,1596285430,71.070,31.670,0.000,8.590,12.800,0.000
DC4F227E68C4,1596285612,71.220,31.580,0.000,7.860,13.000,0.000
DC4F227E68C4,1596285794,71.320,31.600,0.000,9.430,17.460,0.000
DC4F227E68C4,1596285968,71.480,31.600,0.000,9.000,14.260,0.000
DC4F227E68C4,1596286154,71.650,31.420,0.000,8.189,12.800,0.000
DC4F227E68C4,1596286333,71.310,31.400,0.000,8.300,13.130,0.000
DC4F227E68C4,1596286512,70.960,31.370,0.000,8.590,12.860,0.000
DC4F227E68C4,1596286692,71.540,31.230,0.000,9.360,13.860,0.000
DC4F227E68C4,1596286871,71.720,31.100,0.000,8.730,13.130,0.000
DC4F227E68C4,1596287051,71.630,31.070,0.000,9.100,13.830,0.000
DC4F227E68C4,1596287230,72.750,30.760,0.000,9.430,13.760,0.000
DC4F227E68C4,1596287409,73.460,30.660,0.000,9.900,15.360,0.000
DC4F227E68C4,1596287587,73.780,30.690,0.000,10.400,14.830,0.000
DC4F227E68C4,1596287791,74.030,30.700,0.000,10.530,14.390,0.000
DC4F227E68C4,1596287952,74.290,30.680,0.000,10.930,17.160,0.000
DC4F227E68C4,1596288136,74.720,30.720,0.000,10.730,16.800,0.000
DC4F227E68C4,1596288311,74.150,30.790,0.000,10.390,16.129,0.000
DC4F227E68C4,1596288491,73.750,30.580,0.000,9.500,15.090,0.000
DC4F227E68C4,1596288672,72.670,30.530,0.000,7.330,11.860,0.000
DC4F227E68C4,1596288848,72.000,30.610,0.000,7.160,11.190,0.000
DC4F227E68C4,1596289033,71.620,30.680,0.000,6.460,9.760,0.000
DC4F227E68C4,1596289215,70.860,30.750,0.000,6.560,10.690,0.000
DC4F227E68C4,1596289398,70.620,30.760,0.000,6.130,9.660,0.000
DC4F227E68C4,1596289569,70.400,30.780,0.000,5.700,9.260,0.000
DC4F227E68C4,1596289751,70.500,30.740,0.000,5.230,7.790,0.000
DC4F227E68C4,1596289930,70.330,30.700,0.000,4.590,7.960,0.000
DC4F227E68C4,1596290110,70.330,30.650,0.000,4.730,7.460,0.000
DC4F227E68C4,1596290297,70.080,30.720,0.000,4.790,7.590,0.000
DC4F227E68C4,1596290475,70.230,30.680,0.000,4.760,7.900,0.000
DC4F227E68C4,1596290652,70.320,30.650,0.000,4.660,7.900,0.000
DC4F227E68C4,1596290831,70.330,30.690,0.000,5.060,7.430,0.000
DC4F227E68C4,1596291009,70.650,30.630,0.000,5.030,8.690,0.000
DC4F227E68C4,1596291192,70.570,30.700,0.000,5.060,8.760,0.000
DC4F227E68C4,1596291366,70.740,30.750,0.000,5.400,8.760,0.000
DC4F227E68C4,1596291550,70.650,30.780,0.000,5.400,9.660,0.000
DC4F227E68C4,1596291732,70.490,30.800,0.000,5.290,7.900,0.000
DC4F227E68C4,1596291921,70.680,30.820,0.000,5.530,9.430,0.000
DC4F227E68C4,1596292089,70.970,30.770,0.000,5.400,7.900,0.000
DC4F227E68C4,1596292275,70.820,30.790,0.000,5.360,9.130,0.000
DC4F227E68C4,1596292452,70.930,30.620,0.000,4.400,8.530,0.000
DC4F227E68C4,1596292628,70.490,30.700,0.000,4.630,7.860,0.000
DC4F227E68C4,1596292808,70.450,30.690,0.000,4.590,6.460,0.000
DC4F227E68C4,1596292989,70.430,30.710,0.000,4.590,7.690,0.000
DC4F227E68C4,1596293178,70.180,30.770,0.000,4.360,7.090,0.000
DC4F227E68C4,1596293350,70.760,30.540,0.000,3.960,6.630,0.000
DC4F227E68C4,1596293535,70.910,30.450,0.000,4.200,6.590,0.000
DC4F227E68C4,1596293714,71.150,30.320,0.000,4.059,6.860,0.000
DC4F227E68C4,1596293892,70.690,30.480,0.000,4.500,8.000,0.000
DC4F227E68C4,1596294074,70.860,30.410,0.000,4.090,6.530,0.000
DC4F227E68C4,1596294251,71.030,30.400,0.000,4.200,6.190,0.000
DC4F227E68C4,1596294428,70.490,30.480,0.000,3.790,7.300,0.000
DC4F227E68C4,1596294609,70.480,30.420,0.000,4.160,7.260,0.000
DC4F227E68C4,1596294787,70.680,30.380,0.000,4.260,8.360,0.000
DC4F227E68C4,1596294969,70.290,30.540,0.000,4.300,6.590,0.000
DC4F227E68C4,1596295151,70.290,30.520,0.000,4.000,7.260,0.000
DC4F227E68C4,1596295331,70.120,30.520,0.000,4.090,7.000,0.000
DC4F227E68C4,1596295510,70.010,30.500,0.000,3.930,6.690,0.000
DC4F227E68C4,1596295690,69.310,30.640,0.000,3.930,7.230,0.000
DC4F227E68C4,1596295881,69.300,30.610,0.000,4.000,7.630,0.000
DC4F227E68C4,1596296048,69.480,30.620,0.000,3.890,6.330,0.000
DC4F227E68C4,1596296229,69.730,30.540,0.000,4.430,7.500,0.000
DC4F227E68C4,1596296408,69.670,30.500,0.000,4.059,7.260,0.000
DC4F227E68C4,1596296590,69.830,30.530,0.000,4.700,7.200,0.000
DC4F227E68C4,1596296771,69.490,30.620,0.000,4.360,8.260,0.000
DC4F227E68C4,1596296950,69.900,30.540,0.000,4.059,7.530,0.000
DC4F227E68C4,1596297130,69.680,30.630,0.000,4.630,7.630,0.000
DC4F227E68C4,1596297309,69.570,30.640,0.000,4.160,7.160,0.000
DC4F227E68C4,1596297488,69.390,30.760,0.000,4.830,9.190,0.000
DC4F227E68C4,1596297671,69.130,30.830,0.000,4.900,7.960,0.000
DC4F227E68C4,1596297848,69.800,30.660,0.000,4.230,6.660,0.000
DC4F227E68C4,1596298029,69.590,30.720,0.000,4.290,9.230,0.000
DC4F227E68C4,1596298209,69.210,30.830,0.000,4.090,6.730,0.000
DC4F227E68C4,1596298387,69.300,30.780,0.000,3.500,6.560,0.000
DC4F227E68C4,1596298573,69.270,30.760,0.000,3.430,4.830,0.000
DC4F227E68C4,1596298748,69.410,30.760,0.000,3.830,6.190,0.000
DC4F227E68C4,1596298928,69.640,30.700,0.000,3.790,7.090,0.000
DC4F227E68C4,1596299108,69.510,30.720,0.000,3.730,6.790,0.000
DC4F227E68C4,1596299288,70.080,30.480,0.000,3.630,6.030,0.000
DC4F227E68C4,1596299469,70.280,30.420,0.000,3.730,6.200,0.000
DC4F227E68C4,1596299647,69.980,30.520,0.000,3.000,5.300,0.000
DC4F227E68C4,1596299831,70.070,30.430,0.000,3.330,4.930,0.000
DC4F227E68C4,1596300008,69.640,30.600,0.000,3.390,5.660,0.000
DC4F227E68C4,1596300192,69.590,30.600,0.000,3.330,5.830,0.000
DC4F227E68C4,1596300368,69.140,30.680,0.000,3.290,5.590,0.000
DC4F227E68C4,1596300548,69.110,30.670,0.000,3.230,5.960,0.000
DC4F227E68C4,1596300732,68.810,30.710,0.000,3.260,6.200,0.000
DC4F227E68C4,1596300911,68.810,30.760,0.000,3.100,6.590,0.000
DC4F227E68C4,1596301090,68.600,30.850,0.000,3.200,5.660,0.000
DC4F227E68C4,1596301269,68.690,30.890,0.000,3.160,5.590,0.000
DC4F227E68C4,1596301447,68.830,30.900,0.000,3.730,6.430,0.000
DC4F227E68C4,1596301627,69.210,30.840,0.000,3.630,6.660,0.000
DC4F227E68C4,1596301810,69.380,30.800,0.000,3.660,7.030,0.000
DC4F227E68C4,1596301989,69.290,30.860,0.000,3.960,7.630,0.000
DC4F227E68C4,1596302170,69.250,30.920,0.000,4.090,7.290,0.000
DC4F227E68C4,1596302348,70.340,30.700,0.000,4.230,9.230,0.000
DC4F227E68C4,1596302528,70.410,30.740,0.000,4.430,8.000,0.000
DC4F227E68C4,1596302708,70.020,30.900,0.000,4.700,8.330,0.000
DC4F227E68C4,1596302888,69.900,30.950,0.000,5.590,10.760,0.000
DC4F227E68C4,1596303068,70.150,30.920,0.000,5.330,9.190,0.000
DC4F227E68C4,1596303250,71.010,30.770,0.000,5.760,9.590,0.000
DC4F227E68C4,1596303427,70.870,30.880,0.000,5.900,9.060,0.000
DC4F227E68C4,1596303607,70.890,30.900,0.000,6.130,11.190,0.000
DC4F227E68C4,1596303790,70.980,30.910,0.000,6.430,11.530,0.000
DC4F227E68C4,1596303971,71.030,30.940,0.000,6.560,12.330,0.000
DC4F227E68C4,1596304148,71.280,30.940,0.000,7.430,13.800,0.000
DC4F227E68C4,1596304331,71.620,30.920,0.000,8.530,15.130,0.000
DC4F227E68C4,1596304511,71.850,30.880,0.000,8.230,14.660,0.000
DC4F227E68C4,1596304692,71.770,30.960,0.000,8.800,17.690,0.000
DC4F227E68C4,1596304869,72.260,30.840,0.000,8.930,14.600,0.000
DC4F227E68C4,1596305048,72.460,30.830,0.000,8.690,15.300,0.000
DC4F227E68C4,1596305227,72.480,30.810,0.000,9.330,15.390,0.000
DC4F227E68C4,1596305409,72.890,30.660,0.000,8.530,14.060,0.000
DC4F227E68C4,1596305587,72.840,30.760,0.000,9.560,16.730,0.000
DC4F227E68C4,1596305770,72.810,30.810,0.000,9.760,18.830,0.000
DC4F227E68C4,1596305950,72.660,30.860,0.000,9.830,18.330,0.000
DC4F227E68C4,1596306129,72.810,30.770,0.000,9.590,17.390,0.000
DC4F227E68C4,1596306307,72.800,30.800,0.000,10.130,17.660,0.000
DC4F227E68C4,1596306488,73.350,30.710,0.000,10.500,19.960,0.000
DC4F227E68C4,1596306671,73.650,30.700,0.000,10.660,18.230,0.000
DC4F227E68C4,1596306850,73.640,30.750,0.000,10.590,17.390,0.000
DC4F227E68C4,1596307029,74.670,30.620,0.000,10.600,18.960,0.000
DC4F227E68C4,1596307210,76.750,30.340,0.000,11.300,19.530,0.000
DC4F227E68C4,1596307392,76.560,30.420,0.000,11.400,19.030,0.000
DC4F227E68C4,1596307568,76.560,30.400,0.000,11.330,20.760,0.000
DC4F227E68C4,1596307747,76.360,30.470,0.000,11.900,21.030,0.000
DC4F227E68C4,1596307928,76.740,30.410,0.000,12.030,19.530,0.000
DC4F227E68C4,1596308111,76.420,30.500,0.000,11.830,22.360,0.000
DC4F227E68C4,1596308291,76.210,30.550,0.000,12.130,20.660,0.000
DC4F227E68C4,1596308467,76.090,30.530,0.000,12.530,22.430,0.000
DC4F227E68C4,1596308647,76.280,30.390,0.000,11.960,20.660,0.000
DC4F227E68C4,1596308828,76.100,30.390,0.000,11.390,20.960,0.000
DC4F227E68C4,1596309011,75.550,30.350,0.000,11.260,18.830,0.000
DC4F227E68C4,1596309191,75.370,30.260,0.000,9.700,17.530,0.000
DC4F227E68C4,1596309367,75.890,30.070,0.000,8.400,12.960,0.000
DC4F227E68C4,1596309548,76.140,29.800,0.000,7.460,12.660,0.000
DC4F227E68C4,1596309728,76.920,29.560,0.000,7.400,12.690,0.000
DC4F227E68C4,1596309910,76.610,29.670,0.000,6.030,11.590,0.000
DC4F227E68C4,1596310087,76.900,29.530,0.000,6.400,12.660,0.000
DC4F227E68C4,1596310267,76.220,29.660,0.000,5.290,8.600,0.000
DC4F227E68C4,1596310450,75.500,29.710,0.000,5.230,9.400,0.000
DC4F227E68C4,1596310630,75.340,29.610,0.000,4.560,7.100,0.000
DC4F227E68C4,1596310806,75.590,29.550,0.000,4.290,7.290,0.000
DC4F227E68C4,1596310990,75.600,29.570,0.000,4.400,8.860,0.000
DC4F227E68C4,1596311171,75.690,29.560,0.000,4.590,8.690,0.000
DC4F227E68C4,1596311347,75.830,29.540,0.000,4.230,7.960,0.000
DC4F227E68C4,1596311526,75.780,29.490,0.000,4.059,7.730,0.000
DC4F227E68C4,1596311708,76.280,29.380,0.000,4.030,6.860,0.000
DC4F227E68C4,1596311889,76.020,29.370,0.000,3.960,6.290,0.000
DC4F227E68C4,1596312070,76.490,29.240,0.000,3.730,7.560,0.000
DC4F227E68C4,1596312247,76.330,29.260,0.000,4.000,7.700,0.000
DC4F227E68C4,1596312430,75.820,29.360,0.000,3.890,6.790,0.000
DC4F227E68C4,1596312610,76.120,29.230,0.000,3.960,7.560,0.000
DC4F227E68C4,1596312791,75.890,29.260,0.000,3.790,6.830,0.000
DC4F227E68C4,1596312969,76.920,28.970,0.000,4.059,6.960,0.000
DC4F227E68C4,1596313150,78.230,28.810,0.000,4.090,7.930,0.000
DC4F227E68C4,1596313328,77.680,28.980,0.000,4.430,7.090,0.000
DC4F227E68C4,1596313509,77.720,29.030,0.000,4.230,7.190,0.000
DC4F227E68C4,1596313686,78.020,28.950,0.000,4.059,7.730,0.000
DC4F227E68C4,1596313867,78.700,28.860,0.000,4.090,7.860,0.000
DC4F227E68C4,1596314047,78.760,28.780,0.000,4.200,6.660,0.000
DC4F227E68C4,1596314230,78.320,28.820,0.000,4.430,7.830,0.000
DC4F227E68C4,1596314412,78.950,28.720,0.000,4.059,7.500,0.000
DC4F227E68C4,1596314588,79.650,28.600,0.000,4.190,6.790,0.000
DC4F227E68C4,1596314771,80.030,28.570,0.000,4.290,7.930,0.000
DC4F227E68C4,1596314950,80.150,28.560,0.000,4.130,7.260,0.000
DC4F227E68C4,1596315130,80.090,28.570,0.000,4.030,7.160,0.000
DC4F227E68C4,1596315309,81.260,28.290,0.000,4.200,6.200,0.000
DC4F227E68C4,1596315490,80.730,28.410,0.000,4.760,8.430,0.000
DC4F227E68C4,1596315671,81.570,28.240,0.000,3.890,6.230,0.000
DC4F227E68C4,1596315847,81.550,28.270,0.000,3.960,6.460,0.000
DC4F227E68C4,1596316029,81.570,28.230,0.000,3.900,6.960,0.000
DC4F227E68C4,1596316206,82.040,28.130,0.000,4.030,6.560,0.000
DC4F227E68C4,1596316388,82.040,28.190,0.000,3.900,6.160,0.000
DC4F227E68C4,1596316568,82.010,28.180,0.000,3.700,6.760,0.000
DC4F227E68C4,1596316747,82.500,28.020,0.000,3.830,6.760,0.000
DC4F227E68C4,1596316931,82.500,28.050,0.000,3.930,6.430,0.000
DC4F227E68C4,1596317110,82.430,28.150,0.000,3.760,5.700,0.000
DC4F227E68C4,1596317291,83.320,27.910,0.000,4.130,8.029,0.000
DC4F227E68C4,1596317467,83.440,27.930,0.000,3.700,6.030,0.000
DC4F227E68C4,1596317650,83.360,27.900,0.000,3.600,8.060,0.000
DC4F227E68C4,1596317830,83.460,27.930,0.000,3.600,6.530,0.000
DC4F227E68C4,1596318007,83.620,27.880,0.000,3.530,5.530,0.000
DC4F227E68C4,1596318190,83.740,27.830,0.000,3.830,7.660,0.000
DC4F227E68C4,1596318367,84.010,27.770,0.000,3.530,6.230,0.000
DC4F227E68C4,1596318551,83.490,27.850,0.000,3.830,7.330,0.000
DC4F227E68C4,1596318728,83.710,27.820,0.000,3.560,5.660,0.000
DC4F227E68C4,1596318909,83.540,27.820,0.000,3.500,6.790,0.000
DC4F227E68C4,1596319087,83.310,27.850,0.000,3.600,5.830,0.000
DC4F227E68C4,1596319270,83.040,27.950,0.000,3.630,6.290,0.000
DC4F227E68C4,1596319449,82.390,28.060,0.000,3.760,5.460,0.000
DC4F227E68C4,1596319627,83.320,27.810,0.000,3.760,6.160,0.000
DC4F227E68C4,1596319807,83.730,27.750,0.000,3.790,6.000,0.000
DC4F227E68C4,1596319988,83.380,27.830,0.000,4.030,6.660,0.000
DC4F227E68C4,1596320171,83.340,27.850,0.000,3.860,6.330,0.000
DC4F227E68C4,1596320350,83.130,27.880,0.000,4.500,8.300,0.000
DC4F227E68C4,1596320530,83.350,27.840,0.000,4.430,6.930,0.000
DC4F227E68C4,1596320713,83.820,27.780,0.000,4.630,7.130,0.000
DC4F227E68C4,1596320888,83.450,27.880,0.000,5.090,7.500,0.000
DC4F227E68C4,1596321071,83.220,27.910,0.000,4.990,8.360,0.000
DC4F227E68C4,1596321248,83.570,27.850,0.000,5.060,9.260,0.000
DC4F227E68C4,1596321428,83.610,27.860,0.000,5.500,8.500,0.000
DC4F227E68C4,1596321606,84.130,27.800,0.000,5.360,8.590,0.000
DC4F227E68C4,1596321789,84.630,27.750,0.000,5.360,7.560,0.000
DC4F227E68C4,1596321969,85.080,27.700,0.000,5.760,9.690,0.000
DC4F227E68C4,1596322148,85.170,27.680,0.000,5.330,8.400,0.000
DC4F227E68C4,1596322331,85.180,27.750,0.000,6.190,9.290,0.000
DC4F227E68C4,1596322511,84.690,27.870,0.000,5.930,10.230,0.000
DC4F227E68C4,1596322690,84.900,27.860,0.000,6.230,10.660,0.000
DC4F227E68C4,1596322871,85.070,27.850,0.000,5.960,9.300,0.000
DC4F227E68C4,1596323050,85.200,27.840,0.000,5.660,8.830,0.000
DC4F227E68C4,1596323227,85.190,27.840,0.000,5.860,9.000,0.000
DC4F227E68C4,1596323411,85.170,27.850,0.000,5.700,8.000,0.000
DC4F227E68C4,1596323588,85.260,27.800,0.000,5.930,8.460,0.000
DC4F227E68C4,1596323770,85.250,27.820,0.000,5.790,9.360,0.000
DC4F227E68C4,1596323947,85.140,27.780,0.000,5.760,8.960,0.000
DC4F227E68C4,1596324131,84.980,27.840,0.000,5.330,8.189,0.000
DC4F227E68C4,1596324310,84.780,27.870,0.000,5.530,7.930,0.000
DC4F227E68C4,1596324489,84.790,27.840,0.000,5.260,7.260,0.000
DC4F227E68C4,1596324669,85.260,27.680,0.000,4.860,6.730,0.000
DC4F227E68C4,1596324849,84.830,27.750,0.000,5.060,7.830,0.000
DC4F227E68C4,1596325030,84.800,27.800,0.000,4.900,6.630,0.000
DC4F227E68C4,1596325208,85.220,27.730,0.000,4.960,6.830,0.000
DC4F227E68C4,1596325389,85.480,27.700,0.000,4.690,6.500,0.000
DC4F227E68C4,1596325571,85.260,27.740,0.000,5.160,7.690,0.000
DC4F227E68C4,1596325748,85.030,27.830,0.000,5.260,7.700,0.000
DC4F227E68C4,1596325927,84.570,27.930,0.000,5.500,8.029,0.000
DC4F227E68C4,1596326112,84.400,27.990,0.000,5.160,8.800,0.000
DC4F227E68C4,1596326287,84.240,27.940,0.000,4.960,8.160,0.000
DC4F227E68C4,1596326468,84.360,27.970,0.000,4.500,7.590,0.000
DC4F227E68C4,1596326650,84.410,27.900,0.000,4.630,7.060,0.000
DC4F227E68C4,1596326828,83.680,28.040,0.000,4.460,6.430,0.000
DC4F227E68C4,1596327007,83.650,28.030,0.000,4.790,6.590,0.000
DC4F227E68C4,1596327189,84.350,27.880,0.000,5.090,7.900,0.000
DC4F227E68C4,1596327368,84.650,27.860,0.000,5.760,9.130,0.000
DC4F227E68C4,1596327547,84.510,27.890,0.000,6.440,11.040,0.000
DC4F227E68C4,1596327731,84.070,28.010,0.000,6.460,9.330,0.000
DC4F227E68C4,1596327907,84.260,28.020,0.000,6.330,9.930,0.000
DC4F227E68C4,1596328090,83.830,28.110,0.000,6.090,9.630,0.000
DC4F227E68C4,1596328269,83.420,28.170,0.000,7.000,10.630,0.000
DC4F227E68C4,1596328449,83.620,28.150,0.000,7.130,9.760,0.000
DC4F227E68C4,1596328629,84.240,28.000,0.000,6.400,9.030,0.000
DC4F227E68C4,1596328807,84.510,27.920,0.000,6.930,9.960,0.000
DC4F227E68C4,1596328987,84.230,28.000,0.000,7.730,11.090,0.000
DC4F227E68C4,1596329166,84.090,28.020,0.000,8.260,12.130,0.000
DC4F227E68C4,1596329348,84.840,27.770,0.000,6.930,11.130,0.000
DC4F227E68C4,1596329533,83.980,28.010,0.000,6.630,10.690,0.000
DC4F227E68C4,1596329707,83.610,28.010,0.000,5.030,7.160,0.000
DC4F227E68C4,1596329888,83.660,27.980,0.000,4.630,8.300,0.000
DC4F227E68C4,1596330070,83.770,27.900,0.000,4.030,5.930,0.000
DC4F227E68C4,1596330249,84.250,27.810,0.000,3.060,4.360,0.000
DC4F227E68C4,1596330431,84.530,27.770,0.000,3.390,5.130,0.000
DC4F227E68C4,1596330611,84.250,27.860,0.000,3.100,4.160,0.000
DC4F227E68C4,1596330790,84.190,27.920,0.000,2.930,3.560,0.000
DC4F227E68C4,1596330969,83.610,28.050,0.000,2.960,3.700,0.000
DC4F227E68C4,1596331151,83.410,28.090,0.000,3.130,4.260,0.000
DC4F227E68C4,1596331328,83.920,27.960,0.000,3.700,4.690,0.000
DC4F227E68C4,1596331509,83.280,28.130,0.000,3.860,5.190,0.000
DC4F227E68C4,1596331686,83.630,28.030,0.000,3.960,5.000,0.000
DC4F227E68C4,1596331868,83.690,28.090,0.000,4.030,5.790,0.000
DC4F227E68C4,1596332047,83.770,28.040,0.000,4.090,7.130,0.000
DC4F227E68C4,1596332226,83.500,28.050,0.000,4.160,5.860,0.000
DC4F227E68C4,1596332410,83.390,28.100,0.000,3.730,4.590,0.000
DC4F227E68C4,1596332591,82.990,28.220,0.000,3.430,4.400,0.000
DC4F227E68C4,1596332771,82.410,28.260,0.000,3.330,4.100,0.000
DC4F227E68C4,1596332948,82.190,28.290,0.000,3.230,5.400,0.000
DC4F227E68C4,1596333128,82.510,28.200,0.000,3.000,3.890,0.000
DC4F227E68C4,1596333308,82.100,28.310,0.000,2.890,5.090,0.000
DC4F227E68C4,1596333490,81.880,28.370,0.000,3.030,4.630,0.000
DC4F227E68C4,1596333671,81.280,28.460,0.000,2.560,3.630,0.000
DC4F227E68C4,1596333850,81.050,28.490,0.000,2.730,4.330,0.000
DC4F227E68C4,1596334031,81.080,28.510,0.000,2.630,3.460,0.000
DC4F227E68C4,1596334208,80.670,28.620,0.000,2.560,3.100,0.000
DC4F227E68C4,1596334391,80.390,28.660,0.000,2.460,3.660,0.000
DC4F227E68C4,1596334578,80.130,28.740,0.000,2.390,4.090,0.000
DC4F227E68C4,1596334751,79.870,28.750,0.000,2.530,3.430,0.000
DC4F227E68C4,1596334930,79.970,28.780,0.000,2.690,3.900,0.000
DC4F227E68C4,1596335111,79.670,28.880,0.000,2.600,4.030,0.000
DC4F227E68C4,1596335291,79.580,28.900,0.000,2.830,4.930,0.000
DC4F227E68C4,1596335469,79.300,28.940,0.000,3.290,6.000,0.000
DC4F227E68C4,1596335650,79.260,28.980,0.000,3.130,4.660,0.000
DC4F227E68C4,1596335832,79.210,29.010,0.000,3.860,7.930,0.000
DC4F227E68C4,1596336020,78.570,29.180,0.000,3.400,5.030,0.000
DC4F227E68C4,1596336191,78.320,29.190,0.000,3.230,4.590,0.000
DC4F227E68C4,1596336371,78.290,29.190,0.000,3.400,6.130,0.000
DC4F227E68C4,1596336550,77.910,29.210,0.000,2.930,5.900,0.000
DC4F227E68C4,1596336733,77.540,29.190,0.000,2.790,5.260,0.000
DC4F227E68C4,1596336911,77.390,29.300,0.000,3.160,5.430,0.000
DC4F227E68C4,1596337091,77.480,29.270,0.000,3.200,6.760,0.000
DC4F227E68C4,1596337271,77.990,29.260,0.000,3.460,6.760,0.000
DC4F227E68C4,1596337448,78.360,29.320,0.000,3.730,6.900,0.000
DC4F227E68C4,1596337631,78.340,29.350,0.000,4.200,6.930,0.000
DC4F227E68C4,1596337811,78.600,29.180,0.000,4.330,6.800,0.000
DC4F227E68C4,1596337989,79.090,29.140,0.000,4.200,8.029,0.000
DC4F227E68C4,1596338176,78.530,29.310,0.000,4.500,9.900,0.000
DC4F227E68C4,1596338353,78.510,29.150,0.000,3.960,7.260,0.000
DC4F227E68C4,1596338527,78.690,29.190,0.000,3.660,6.200,0.000
DC4F227E68C4,1596338710,79.120,29.090,0.000,4.200,6.660,0.000
DC4F227E68C4,1596338892,79.010,29.160,0.000,3.790,7.260,0.000
DC4F227E68C4,1596339070,79.110,29.160,0.000,3.590,7.830,0.000
DC4F227E68C4,1596339250,78.970,29.210,0.000,3.090,5.030,0.000
DC4F227E68C4,1596339428,79.410,29.170,0.000,3.130,5.160,0.000
DC4F227E68C4,1596339610,79.710,29.250,0.000,8.189,10.500,0.000
DC4F227E68C4,1596339799,80.030,29.410,0.000,69.960,77.590,0.000
DC4F227E68C4,1596339972,80.370,29.440,0.000,99.130,110.160,0.000
DC4F227E68C4,1596340151,80.670,29.350,0.000,22.430,26.430,0.000
DC4F227E68C4,1596340331,81.590,29.100,0.000,7.530,9.060,0.000
DC4F227E68C4,1596340508,81.740,29.020,0.000,6.230,8.160,0.000
DC4F227E68C4,1596340694,82.600,28.790,0.000,5.790,9.890,0.000
DC4F227E68C4,1596340871,81.770,28.910,0.000,5.730,8.500,0.000
DC4F227E68C4,1596341047,81.950,28.840,0.000,4.330,6.690,0.000
DC4F227E68C4,1596341228,81.410,28.940,0.000,4.290,7.530,0.000
DC4F227E68C4,1596341412,81.250,29.010,0.000,4.030,7.030,0.000
DC4F227E68C4,1596341595,82.120,28.850,0.000,4.000,6.030,0.000
DC4F227E68C4,1596341770,82.210,28.810,0.000,3.660,6.500,0.000
DC4F227E68C4,1596341961,81.650,28.920,0.000,3.930,5.960,0.000
DC4F227E68C4,1596342130,80.620,29.040,0.000,3.960,5.430,0.000
DC4F227E68C4,1596342308,79.880,29.050,0.000,4.030,5.660,0.000
DC4F227E68C4,1596342489,80.040,29.050,0.000,4.030,6.060,0.000
DC4F227E68C4,1596342669,79.450,29.170,0.000,4.290,6.260,0.000
DC4F227E68C4,1596342851,79.320,29.240,0.000,5.230,8.660,0.000
DC4F227E68C4,1596343029,79.010,29.350,0.000,5.160,7.830,0.000
DC4F227E68C4,1596343211,78.430,29.410,0.000,5.330,7.460,0.000
DC4F227E68C4,1596343389,77.860,29.360,0.000,4.700,7.630,0.000
DC4F227E68C4,1596343569,78.100,29.450,0.000,4.930,6.760,0.000
DC4F227E68C4,1596343757,77.740,29.550,0.000,4.560,7.160,0.000
DC4F227E68C4,1596343927,77.410,29.660,0.000,4.900,6.960,0.000
DC4F227E68C4,1596344111,77.370,29.730,0.000,4.730,6.830,0.000
DC4F227E68C4,1596344302,77.180,29.710,0.000,4.230,7.660,0.000
DC4F227E68C4,1596344473,76.580,29.820,0.000,4.030,6.360,0.000
DC4F227E68C4,1596344649,76.490,29.810,0.000,3.530,4.830,0.000
DC4F227E68C4,1596344833,76.630,29.940,0.000,3.330,4.860,0.000
DC4F227E68C4,1596345012,76.180,30.080,0.000,3.500,4.660,0.000
DC4F227E68C4,1596345188,76.160,30.080,0.000,3.830,5.660,0.000
DC4F227E68C4,1596345370,75.540,30.120,0.000,3.890,6.230,0.000
DC4F227E68C4,1596345551,74.600,30.220,0.000,3.530,6.400,0.000
DC4F227E68C4,1596345731,75.150,30.130,0.000,3.660,5.230,0.000
DC4F227E68C4,1596345910,74.650,30.160,0.000,3.260,3.930,0.000
DC4F227E68C4,1596346089,74.470,30.110,0.000,2.730,5.330,0.000
DC4F227E68C4,1596346272,73.880,30.270,0.000,2.560,3.460,0.000
DC4F227E68C4,1596346449,73.190,30.380,0.000,2.430,4.160,0.000
DC4F227E68C4,1596346631,72.630,30.400,0.000,2.130,3.790,0.000
DC4F227E68C4,1596346811,72.290,30.530,0.000,2.360,4.930,0.000
DC4F227E68C4,1596347004,71.990,30.550,0.000,1.660,2.630,0.000
DC4F227E68C4,1596347172,71.370,30.630,0.000,1.630,2.830,0.000
DC4F227E68C4,1596347350,70.800,30.700,0.000,1.830,5.060,0.000
DC4F227E68C4,1596347531,70.900,30.710,0.000,1.660,3.060,0.000
DC4F227E68C4,1596347716,71.110,30.680,0.000,1.860,3.430,0.000
DC4F227E68C4,1596347890,70.640,30.680,0.000,2.029,3.030,0.000
DC4F227E68C4,1596348072,70.470,30.740,0.000,1.660,4.590,0.000
DC4F227E68C4,1596348254,70.320,30.840,0.000,1.630,2.760,0.000
DC4F227E68C4,1596348433,70.150,30.800,0.000,1.860,3.960,0.000
DC4F227E68C4,1596348609,70.390,30.650,0.000,1.730,2.430,0.000
DC4F227E68C4,1596348789,70.410,30.560,0.000,1.400,3.700,0.000
DC4F227E68C4,1596348972,70.190,30.600,0.000,1.290,2.360,0.000
DC4F227E68C4,1596349154,70.420,30.520,0.000,1.130,4.390,0.000
DC4F227E68C4,1596349327,70.220,30.560,0.000,0.900,1.530,0.000
DC4F227E68C4,1596349511,70.590,30.470,0.000,0.930,2.130,0.000
DC4F227E68C4,1596349689,70.410,30.600,0.000,1.360,3.290,0.000
DC4F227E68C4,1596349871,70.700,30.550,0.000,1.600,3.430,0.000
DC4F227E68C4,1596350050,70.590,30.540,0.000,1.560,2.790,0.000
DC4F227E68C4,1596350233,71.230,30.500,0.000,1.760,3.400,0.000
DC4F227E68C4,1596350412,71.150,30.580,0.000,2.029,4.030,0.000
DC4F227E68C4,1596350599,71.510,30.580,0.000,2.730,5.830,0.000
DC4F227E68C4,1596350772,72.060,30.560,0.000,3.330,4.700,0.000
DC4F227E68C4,1596350948,72.700,30.540,0.000,3.730,6.400,0.000
DC4F227E68C4,1596351134,73.210,30.590,0.000,3.600,6.660,0.000
DC4F227E68C4,1596351318,73.960,30.480,0.000,2.890,5.360,0.000
DC4F227E68C4,1596351490,75.170,30.280,0.000,3.330,6.160,0.000
DC4F227E68C4,1596351668,75.600,30.160,0.000,2.660,4.730,0.000
DC4F227E68C4,1596351859,75.990,30.300,0.000,2.930,4.430,0.000
DC4F227E68C4,1596352035,77.180,30.010,0.000,2.890,4.790,0.000
DC4F227E68C4,1596352212,77.810,29.970,0.000,3.030,4.860,0.000
DC4F227E68C4,1596352389,77.460,30.120,0.000,3.390,4.730,0.000
DC4F227E68C4,1596352572,77.780,30.080,0.000,3.360,6.760,0.000
DC4F227E68C4,1596352747,78.260,29.890,0.000,2.700,4.460,0.000
DC4F227E68C4,1596352928,80.150,29.300,0.000,2.390,3.560,0.000
DC4F227E68C4,1596353109,79.950,29.330,0.000,2.630,4.860,0.000
DC4F227E68C4,1596353296,80.120,29.280,0.000,2.290,3.200,0.000
DC4F227E68C4,1596353472,80.410,29.180,0.000,2.330,3.960,0.000
DC4F227E68C4,1596353650,80.000,29.210,0.000,2.230,3.390,0.000
DC4F227E68C4,1596353831,79.930,29.180,0.000,2.160,3.960,0.000
DC4F227E68C4,1596354011,80.360,29.080,0.000,2.000,2.730,0.000
DC4F227E68C4,1596354197,80.710,29.010,0.000,2.230,4.090,0.000
DC4F227E68C4,1596354376,80.970,28.910,0.000,2.000,3.030,0.000
DC4F227E68C4,1596354552,81.310,28.870,0.000,2.130,4.300,0.000
DC4F227E68C4,1596354727,80.710,29.050,0.000,2.000,2.760,0.000
DC4F227E68C4,1596354908,80.560,29.100,0.000,2.160,3.400,0.000
DC4F227E68C4,1596355089,81.330,28.950,0.000,2.200,3.890,0.000
DC4F227E68C4,1596355270,81.520,28.960,0.000,2.230,3.330,0.000
DC4F227E68C4,1596355452,81.720,28.900,0.000,2.200,3.630,0.000
DC4F227E68C4,1596355632,81.560,28.900,0.000,2.530,4.000,0.000
DC4F227E68C4,1596355810,83.110,28.590,0.000,3.430,5.130,0.000
DC4F227E68C4,1596355990,82.560,28.710,0.000,3.700,5.060,0.000
DC4F227E68C4,1596356169,82.710,28.660,0.000,3.660,4.630,0.000
DC4F227E68C4,1596356358,82.460,28.750,0.000,4.260,6.560,0.000
DC4F227E68C4,1596356535,82.700,28.730,0.000,4.330,5.500,0.000
DC4F227E68C4,1596356710,82.370,28.790,0.000,4.860,6.960,0.000
DC4F227E68C4,1596356890,82.930,28.560,0.000,4.400,5.400,0.000
DC4F227E68C4,1596357073,83.290,28.530,0.000,5.000,7.730,0.000
DC4F227E68C4,1596357259,83.270,28.600,0.000,5.700,7.960,0.000
DC4F227E68C4,1596357433,83.480,28.610,0.000,6.500,9.600,0.000
DC4F227E68C4,1596357616,83.210,28.710,0.000,7.330,12.230,0.000
DC4F227E68C4,1596357810,83.130,28.720,0.000,6.760,10.130,0.000
DC4F227E68C4,1596357971,83.580,28.640,0.000,6.230,9.130,0.000
DC4F227E68C4,1596358150,83.590,28.630,0.000,5.930,8.189,0.000
DC4F227E68C4,1596358330,83.540,28.640,0.000,5.760,8.800,0.000
DC4F227E68C4,1596358511,83.890,28.600,0.000,5.930,9.060,0.000
DC4F227E68C4,1596358690,84.370,28.530,0.000,5.660,9.330,0.000
DC4F227E68C4,1596358873,84.610,28.440,0.000,5.360,9.230,0.000
DC4F227E68C4,1596359048,84.000,28.580,0.000,5.130,8.000,0.000
DC4F227E68C4,1596359229,84.730,28.320,0.000,4.130,7.260,0.000
DC4F227E68C4,1596359408,84.990,28.240,0.000,3.200,5.330,0.000
DC4F227E68C4,1596359589,84.180,28.370,0.000,3.260,7.600,0.000
DC4F227E68C4,1596359770,84.970,28.090,0.000,2.600,4.000,0.000
DC4F227E68C4,1596359949,85.580,27.920,0.000,2.100,3.890,0.000
DC4F227E68C4,1596360131,85.700,27.880,0.000,2.100,4.059,0.000
DC4F227E68C4,1596360311,85.910,27.760,0.000,1.630,3.460,0.000
DC4F227E68C4,1596360491,86.340,27.670,0.000,1.760,3.500,0.000
DC4F227E68C4,1596360671,86.870,27.490,0.000,1.860,4.000,0.000
DC4F227E68C4,1596360851,87.450,27.500,0.000,2.029,4.090,0.000
DC4F227E68C4,1596361029,86.900,27.630,0.000,2.290,5.830,0.000
DC4F227E68C4,1596361209,86.280,27.780,0.000,2.100,4.560,0.000
DC4F227E68C4,1596361389,86.270,27.760,0.000,2.200,4.190,0.000
DC4F227E68C4,1596361572,87.000,27.640,0.000,2.290,4.760,0.000
DC4F227E68C4,1596361749,87.920,27.450,0.000,2.100,4.790,0.000
DC4F227E68C4,1596361932,87.790,27.500,0.000,2.360,5.090,0.000
DC4F227E68C4,1596362113,87.240,27.630,0.000,2.500,5.000,0.000
DC4F227E68C4,1596362293,87.010,27.700,0.000,2.530,4.260,0.000
DC4F227E68C4,1596362468,87.910,27.510,0.000,2.160,3.630,0.000
DC4F227E68C4,1596362646,86.910,27.760,0.000,3.290,9.160,0.000
DC4F227E68C4,1596362828,87.000,27.820,0.000,3.500,6.860,0.000
DC4F227E68C4,1596363008,86.660,27.890,0.000,3.630,6.590,0.000
DC4F227E68C4,1596363192,86.500,27.930,0.000,3.630,7.730,0.000
DC4F227E68C4,1596363369,86.930,27.810,0.000,2.530,4.630,0.000
DC4F227E68C4,1596363549,86.550,27.870,0.000,2.360,6.000,0.000
DC4F227E68C4,1596363732,86.380,27.860,0.000,2.430,5.430,0.000
DC4F227E68C4,1596363910,86.280,27.890,0.000,2.530,4.730,0.000
DC4F227E68C4,1596364090,86.110,27.950,0.000,2.290,4.930,0.000
DC4F227E68C4,1596364267,86.100,27.920,0.000,2.700,4.530,0.000
DC4F227E68C4,1596364450,86.100,27.850,0.000,2.260,3.890,0.000
DC4F227E68C4,1596364629,86.060,27.780,0.000,1.660,3.230,0.000
DC4F227E68C4,1596364811,85.270,27.900,0.000,1.600,4.200,0.000
DC4F227E68C4,1596364988,85.450,27.820,0.000,1.860,3.430,0.000
DC4F227E68C4,1596365169,86.540,27.540,0.000,1.830,4.430,0.000
DC4F227E68C4,1596365353,86.780,27.450,0.000,1.630,2.430,0.000
DC4F227E68C4,1596365531,86.490,27.520,0.000,1.900,3.530,0.000
DC4F227E68C4,1596365708,86.860,27.380,0.000,1.600,3.430,0.000
DC4F227E68C4,1596365892,86.910,27.420,0.000,1.830,4.530,0.000
DC4F227E68C4,1596366070,86.640,27.470,0.000,1.560,2.630,0.000
DC4F227E68C4,1596366253,86.370,27.460,0.000,1.390,2.690,0.000
DC4F227E68C4,1596366431,86.520,27.420,0.000,1.290,2.960,0.000
DC4F227E68C4,1596366609,86.430,27.410,0.000,1.330,3.060,0.000
DC4F227E68C4,1596366789,86.390,27.470,0.000,1.430,2.660,0.000
DC4F227E68C4,1596366969,86.000,27.580,0.000,1.630,2.760,0.000
DC4F227E68C4,1596367150,85.640,27.670,0.000,2.360,3.530,0.000
DC4F227E68C4,1596367332,86.000,27.560,0.000,2.700,5.030,0.000
DC4F227E68C4,1596367509,86.130,27.500,0.000,1.900,3.130,0.000
DC4F227E68C4,1596367693,86.220,27.470,0.000,2.160,3.700,0.000
DC4F227E68C4,1596367869,85.660,27.600,0.000,2.130,4.059,0.000
DC4F227E68C4,1596368054,85.420,27.640,0.000,1.960,3.500,0.000
DC4F227E68C4,1596368231,85.290,27.680,0.000,2.200,4.630,0.000
DC4F227E68C4,1596368410,85.050,27.710,0.000,2.029,3.290,0.000
DC4F227E68C4,1596368588,84.910,27.760,0.000,2.430,4.160,0.000
DC4F227E68C4,1596368774,84.850,27.770,0.000,5.230,6.260,0.000
DC4F227E68C4,1596368949,85.220,27.660,0.000,2.660,4.200,0.000
DC4F227E68C4,1596369131,84.900,27.770,0.000,2.500,4.260,0.000
DC4F227E68C4,1596369309,84.730,27.830,0.000,3.000,5.130,0.000
DC4F227E68C4,1596369491,84.560,27.870,0.000,3.230,4.700,0.000
DC4F227E68C4,1596369676,84.670,27.790,0.000,2.530,4.260,0.000
DC4F227E68C4,1596369847,84.950,27.710,0.000,2.200,5.230,0.000
DC4F227E68C4,1596370031,84.830,27.760,0.000,2.260,4.560,0.000
DC4F227E68C4,1596370214,84.920,27.760,0.000,2.290,3.960,0.000
DC4F227E68C4,1596370395,84.480,27.870,0.000,2.100,3.800,0.000
DC4F227E68C4,1596370571,84.840,27.770,0.000,2.230,3.890,0.000
DC4F227E68C4,1596370754,84.830,27.740,0.000,2.060,3.830,0.000
DC4F227E68C4,1596370933,84.670,27.750,0.000,3.030,5.260,0.000
DC4F227E68C4,1596371112,84.710,27.670,0.000,2.430,4.260,0.000
DC4F227E68C4,1596371288,84.900,27.660,0.000,1.900,4.430,0.000
DC4F227E68C4,1596371474,84.500,27.790,0.000,2.230,4.760,0.000
DC4F227E68C4,1596371647,84.370,27.820,0.000,2.090,4.630,0.000
DC4F227E68C4,1596371831,84.140,27.870,0.000,2.500,5.000,0.000
DC4F227E68C4,1596372010,84.130,27.840,0.000,2.630,5.130,0.000
DC4F227E68C4,1596372195,84.430,27.720,0.000,2.460,4.660,0.000
DC4F227E68C4,1596372373,84.300,27.730,0.000,2.560,5.160,0.000
DC4F227E68C4,1596372552,83.790,27.840,0.000,2.460,5.300,0.000
DC4F227E68C4,1596372727,83.820,27.800,0.000,2.600,5.630,0.000
DC4F227E68C4,1596372910,83.520,27.900,0.000,2.430,5.000,0.000
DC4F227E68C4,1596373089,83.410,27.970,0.000,2.930,8.690,0.000
DC4F227E68C4,1596373273,83.190,27.970,0.000,2.760,6.400,0.000
DC4F227E68C4,1596373450,83.240,27.920,0.000,2.630,5.230,0.000
DC4F227E68C4,1596373627,82.930,28.030,0.000,2.930,6.700,0.000
DC4F227E68C4,1596373812,82.530,28.060,0.000,2.900,6.290,0.000
DC4F227E68C4,1596373991,82.380,28.060,0.000,2.700,5.930,0.000
DC4F227E68C4,1596374172,82.380,28.000,0.000,3.100,7.160,0.000
DC4F227E68C4,1596374355,82.210,28.020,0.000,3.030,6.560,0.000
DC4F227E68C4,1596374532,81.970,28.080,0.000,3.230,6.630,0.000
DC4F227E68C4,1596374711,81.920,28.030,0.000,2.900,6.160,0.000
DC4F227E68C4,1596374893,81.920,28.080,0.000,3.460,7.260,0.000
DC4F227E68C4,1596375091,81.530,28.180,0.000,3.330,5.900,0.000
DC4F227E68C4,1596375252,81.450,28.200,0.000,3.590,6.130,0.000
DC4F227E68C4,1596375431,81.300,28.200,0.000,3.760,6.430,0.000
DC4F227E68C4,1596375610,81.130,28.250,0.000,4.000,8.189,0.000
DC4F227E68C4,1596375786,80.930,28.300,0.000,4.130,7.430,0.000
DC4F227E68C4,1596375969,80.660,28.290,0.000,3.860,7.660,0.000
DC4F227E68C4,1596376148,80.680,28.310,0.000,3.830,7.290,0.000
DC4F227E68C4,1596376330,80.410,28.380,0.000,3.930,8.260,0.000
DC4F227E68C4,1596376509,80.360,28.340,0.000,3.660,6.590,0.000
DC4F227E68C4,1596376691,80.390,28.360,0.000,3.600,8.760,0.000
DC4F227E68C4,1596376869,80.320,28.340,0.000,3.760,7.730,0.000
DC4F227E68C4,1596377053,80.050,28.410,0.000,3.800,6.460,0.000
DC4F227E68C4,1596377232,80.170,28.410,0.000,4.300,8.000,0.000
DC4F227E68C4,1596377411,80.070,28.490,0.000,4.130,6.590,0.000
DC4F227E68C4,1596377588,80.310,28.490,0.000,4.260,7.660,0.000
DC4F227E68C4,1596377769,80.570,28.510,0.000,4.460,7.500,0.000
DC4F227E68C4,1596377954,80.670,28.540,0.000,4.360,7.660,0.000
DC4F227E68C4,1596378130,80.600,28.580,0.000,4.500,9.300,0.000
DC4F227E68C4,1596378313,80.460,28.570,0.000,4.460,7.830,0.000
DC4F227E68C4,1596378495,80.860,28.530,0.000,5.130,8.260,0.000
DC4F227E68C4,1596378668,80.860,28.590,0.000,5.630,10.630,0.000
DC4F227E68C4,1596378869,80.810,28.630,0.000,7.730,11.500,0.000
DC4F227E68C4,1596379028,81.100,28.580,0.000,11.000,14.160,0.000
DC4F227E68C4,1596379211,81.490,28.520,0.000,14.260,18.190,0.000
DC4F227E68C4,1596379389,81.580,28.530,0.000,16.190,18.630,0.000
DC4F227E68C4,1596379567,81.460,28.570,0.000,16.260,18.230,0.000
DC4F227E68C4,1596379751,81.300,28.590,0.000,18.960,23.060,0.000
DC4F227E68C4,1596379928,81.180,28.640,0.000,19.800,23.830,0.000
DC4F227E68C4,1596380108,81.260,28.640,0.000,19.560,22.190,0.000
DC4F227E68C4,1596380294,81.240,28.640,0.000,19.000,21.690,0.000
DC4F227E68C4,1596380472,81.620,28.570,0.000,17.390,20.600,0.000
DC4F227E68C4,1596380651,81.590,28.610,0.000,15.590,18.460,0.000
DC4F227E68C4,1596380833,81.540,28.600,0.000,15.900,18.430,0.000
DC4F227E68C4,1596381009,81.540,28.610,0.000,14.590,17.960,0.000
DC4F227E68C4,1596381197,81.630,28.610,0.000,15.960,19.500,0.000
DC4F227E68C4,1596381369,81.880,28.520,0.000,14.430,16.800,0.000
DC4F227E68C4,1596381547,81.640,28.590,0.000,13.360,16.600,0.000
DC4F227E68C4,1596381732,81.690,28.590,0.000,12.660,15.300,0.000
DC4F227E68C4,1596381914,81.580,28.630,0.000,12.900,16.129,0.000
DC4F227E68C4,1596382091,81.620,28.620,0.000,12.530,14.660,0.000
DC4F227E68C4,1596382272,81.330,28.640,0.000,13.500,15.690,0.000
DC4F227E68C4,1596382452,81.250,28.660,0.000,14.000,15.630,0.000
DC4F227E68C4,1596382630,81.210,28.670,0.000,12.760,16.030,0.000
DC4F227E68C4,1596382807,81.430,28.630,0.000,12.430,14.800,0.000
DC4F227E68C4,1596382990,82.020,28.500,0.000,13.530,16.660,0.000
DC4F227E68C4,1596383170,81.740,28.560,0.000,12.560,14.530,0.000
DC4F227E68C4,1596383346,82.240,28.430,0.000,12.790,15.830,0.000
DC4F227E68C4,1596383529,82.290,28.450,0.000,12.930,16.329,0.000
DC4F227E68C4,1596383710,81.970,28.510,0.000,13.160,15.830,0.000
DC4F227E68C4,1596383891,82.090,28.510,0.000,12.660,15.530,0.000
DC4F227E68C4,1596384073,82.080,28.520,0.000,12.460,15.300,0.000
DC4F227E68C4,1596384249,81.940,28.550,0.000,12.260,15.360,0.000
DC4F227E68C4,1596384429,81.830,28.580,0.000,13.390,17.830,0.000
DC4F227E68C4,1596384609,82.070,28.540,0.000,14.030,16.730,0.000
DC4F227E68C4,1596384792,82.060,28.550,0.000,14.760,18.930,0.000
DC4F227E68C4,1596384971,81.950,28.560,0.000,18.760,21.230,0.000
DC4F227E68C4,1596385146,82.070,28.510,0.000,18.360,20.790,0.000
DC4F227E68C4,1596385329,81.990,28.510,0.000,19.800,22.830,0.000
DC4F227E68C4,1596385507,82.180,28.460,0.000,20.260,24.100,0.000
DC4F227E68C4,1596385688,82.340,28.440,0.000,19.960,23.760,0.000
DC4F227E68C4,1596385868,82.130,28.500,0.000,18.060,21.100,0.000
DC4F227E68C4,1596386050,82.330,28.440,0.000,16.260,20.560,0.000
DC4F227E68C4,1596386229,82.570,28.390,0.000,14.900,18.960,0.000
DC4F227E68C4,1596386410,83.020,28.280,0.000,12.830,16.329,0.000
DC4F227E68C4,1596386591,82.950,28.260,0.000,13.130,17.730,0.000
DC4F227E68C4,1596386770,83.360,28.160,0.000,13.900,17.730,0.000
DC4F227E68C4,1596386951,83.210,28.200,0.000,19.760,27.930,0.000
DC4F227E68C4,1596387131,83.210,28.210,0.000,26.460,38.200,0.000
DC4F227E68C4,1596387307,83.000,28.250,0.000,36.130,52.760,0.000
DC4F227E68C4,1596387489,83.300,28.220,0.000,48.630,73.290,0.000